id,domain_id,project_id,gen_id,dev_start,active_start,active_end,status
organization-language-readme-stats,web,readme,,2025-11,2025-11,,Active
mc-ping-check,web,,,2025-11,2025-12,,Active
ets-readme-counter,web,readme,,2025-09,2025-10,,Active
hugo-protector,sec,,,2025-12,2025-12,,Active
ASMR,web,,,2025-05,,,In-Dev
humphreys-map,web,hump,,2025-10,,,In-Dev
lost-media-archive,web,,,2026-02,,,In-Dev
barracks-layout-simulator,web,hump,,2026-01,2026-02,,Active
zkzzk ,web,,,2025-08,2025-09,,Active
katusa-os-web,web,,,2025-05,,,In-Dev
